{"visR": [true], "target": [[203.55269344771048, -46.88635033161541, 23.487948011337778]], "volume_vis": [null], "altitude": [76.89336415046571], "slices": [[50, 50, 15]], "rotationR": [[0, 0, 0]], "mix": [0.5], "alpha": [null], "rotationL": [[0, 0, 0]], "radius": [285.2524956556817], "azimuth": [186.30885389946658], "pivot": [180], "frame": [0], "visL": [true], "projection": ["perspective"]}