{"visR": [true], "target": [[-3.425070475155365, -4.796969756256451, -7.751434273994647]], "volume_vis": [null], "altitude": [84.6344742936723], "slices": [[53, 53, 15]], "rotationR": [[0, 0, 0]], "mix": [0.5], "alpha": [null], "rotationL": [[0, 0, 0]], "radius": [344.60596996030534], "azimuth": [300.8485606104137], "pivot": [0], "frame": [0], "visL": [true], "projection": ["perspective"]}