{"visR": [true], "target": [[-185.6079164058579, 37.09497803702448, 1.4379449033523815]], "volume_vis": [null], "altitude": [69.04868822575551], "slices": [[50, 50, 15]], "rotationR": [[0, 0, 0]], "mix": [0.5], "alpha": [null], "rotationL": [[0, 0, 0]], "radius": [275.7339856516464], "azimuth": [159.5982057488869], "pivot": [180], "frame": [0], "visL": [true], "projection": ["perspective"]}